,month,precip,temp,rest,0,1,2,3,4,5,6,7,8,9,10,11,12,13,14,15,16,17,18,19,20,21,22,23
m01-A-A-25-oxford-dryland,01,A,A,25,10.6,7.46,8.78,17.8,10.41,0.03,0.19,3.44,9.39,28.89,51.4,22.54,10.75,6.38,6.01,10.9,7.51,0.0,,,,,,
m01-A-A-5-oxford-dryland,01,A,A,5,10.0,6.75,8.85,17.82,10.34,0.05,0.21,3.68,9.47,28.75,51.12,23.56,10.08,6.48,5.42,10.61,7.29,0.0,,,,,,
m01-A-A-50-oxford-dryland,01,A,A,50,10.38,6.9,9.2,18.03,10.59,0.05,0.17,3.59,9.37,28.98,51.8,22.23,10.03,6.84,5.43,10.79,7.21,0.0,,,,,,
m01-A-A-75-oxford-dryland,01,A,A,75,10.21,6.74,9.13,17.79,10.41,0.05,0.16,3.65,9.5,28.75,50.96,22.58,10.66,6.62,5.69,11.0,7.54,0.0,,,,,,
m01-A-A-95-oxford-dryland,01,A,A,95,10.01,7.07,8.73,17.8,10.39,0.04,0.18,3.58,9.42,28.46,51.44,22.34,10.19,6.39,6.02,10.82,7.43,0.0,,,,,,
m01-A-C-25-oxford-dryland,01,A,C,25,5.79,5.38,8.23,16.72,9.92,0.04,0.19,3.6,9.13,28.59,52.43,23.8,6.05,4.98,5.76,10.5,7.28,0.0,,,,,,
m01-A-C-5-oxford-dryland,01,A,C,5,5.89,5.33,8.02,15.86,9.83,0.04,0.14,3.62,9.11,28.68,51.77,23.22,5.9,5.26,5.54,10.66,7.23,0.01,,,,,,
m01-A-C-50-oxford-dryland,01,A,C,50,5.65,5.05,8.39,16.29,9.92,0.04,0.18,3.54,9.17,28.58,51.6,22.46,6.0,5.3,5.66,10.54,7.12,0.0,,,,,,
m01-A-C-75-oxford-dryland,01,A,C,75,5.58,5.28,7.81,16.71,9.71,0.04,0.19,3.66,9.16,28.34,51.52,22.94,6.08,4.67,5.67,11.09,7.34,0.0,,,,,,
m01-A-C-95-oxford-dryland,01,A,C,95,5.89,5.17,8.08,16.29,9.82,0.04,0.15,3.54,9.1,28.61,50.58,22.31,5.33,4.8,5.74,10.82,7.31,0.0,,,,,,
m01-A-H-25-oxford-dryland,01,A,H,25,6.94,5.35,8.79,16.47,9.61,0.03,0.12,3.55,9.13,28.62,51.52,23.43,6.64,5.12,5.1,9.95,6.91,0.0,,,,,,
m01-A-H-5-oxford-dryland,01,A,H,5,6.78,5.34,8.61,16.36,9.52,0.03,0.17,3.4,9.19,28.6,51.92,22.69,6.67,4.45,4.87,9.7,6.64,0.0,,,,,,
m01-A-H-50-oxford-dryland,01,A,H,50,6.62,5.53,8.37,16.14,9.51,0.04,0.16,3.42,8.92,28.75,51.53,23.78,6.85,4.91,5.53,10.15,7.07,0.0,,,,,,
m01-A-H-75-oxford-dryland,01,A,H,75,6.7,5.52,8.69,16.51,9.7,0.03,0.16,3.5,9.12,28.45,51.41,22.72,6.78,4.62,5.42,9.91,6.9,0.0,,,,,,
m01-A-H-95-oxford-dryland,01,A,H,95,6.32,5.33,8.59,16.04,9.62,0.05,0.16,3.48,9.03,28.65,51.31,23.2,6.92,5.47,5.35,10.25,6.92,0.0,,,,,,
m01-D-A-25-oxford-dryland,01,D,A,25,0.45,1.18,5.47,11.28,6.53,0.03,0.23,3.42,8.24,27.57,50.5,22.89,0.49,0.99,4.86,8.56,4.89,0.0,,,,,,
m01-D-A-5-oxford-dryland,01,D,A,5,0.57,1.3,5.62,11.39,6.66,0.03,0.22,3.56,8.44,27.95,50.56,23.67,0.53,1.11,5.05,8.22,5.07,0.0,,,,,,
m01-D-A-50-oxford-dryland,01,D,A,50,0.45,1.14,5.52,11.18,6.71,0.02,0.18,3.48,8.22,27.71,50.7,23.35,0.54,1.19,4.53,8.23,4.8,0.0,,,,,,
m01-D-A-75-oxford-dryland,01,D,A,75,0.47,1.33,4.99,11.18,6.43,0.03,0.18,3.43,8.43,27.94,51.63,21.91,0.42,1.12,4.75,8.07,4.7,0.0,,,,,,
m01-D-A-95-oxford-dryland,01,D,A,95,0.49,1.37,5.7,11.03,6.65,0.03,0.19,3.49,8.32,27.75,50.51,22.99,0.44,1.13,4.68,8.22,4.82,0.0,,,,,,
m01-D-C-25-oxford-dryland,01,D,C,25,1.15,2.19,6.15,13.53,7.8,0.04,0.22,3.72,8.68,27.94,50.74,22.31,1.05,1.76,4.83,8.74,5.51,0.0,,,,,,
m01-D-C-5-oxford-dryland,01,D,C,5,1.22,2.24,6.91,13.14,8.04,0.04,0.21,3.53,8.65,28.24,51.06,23.38,1.13,1.8,4.96,8.89,5.75,0.0,,,,,,
m01-D-C-50-oxford-dryland,01,D,C,50,1.05,1.82,6.48,12.26,7.43,0.03,0.17,3.37,8.59,27.92,50.78,22.39,1.23,1.82,5.16,9.03,5.64,0.0,,,,,,
m01-D-C-75-oxford-dryland,01,D,C,75,1.21,2.37,6.68,13.05,7.75,0.03,0.19,3.48,8.65,28.03,51.39,23.47,1.03,1.82,5.33,8.88,5.76,0.0,,,,,,
m01-D-C-95-oxford-dryland,01,D,C,95,1.1,2.11,6.79,13.35,7.71,0.04,0.19,3.64,8.7,28.43,51.59,22.35,1.22,1.73,5.09,8.66,5.55,0.0,,,,,,
m01-D-H-25-oxford-dryland,01,D,H,25,0.98,1.53,5.58,11.77,6.84,0.03,0.16,3.45,8.33,27.6,50.39,22.35,1.02,1.52,4.8,8.51,5.14,0.0,,,,,,
m01-D-H-5-oxford-dryland,01,D,H,5,1.05,1.66,5.94,11.65,6.98,0.04,0.23,3.59,8.36,28.01,51.13,23.76,0.98,1.57,5.09,8.61,5.29,0.0,,,,,,
m01-D-H-50-oxford-dryland,01,D,H,50,0.97,1.76,6.06,11.37,6.93,0.03,0.16,3.4,8.48,28.06,51.49,22.24,0.8,1.32,4.58,8.53,4.92,0.0,,,,,,
m01-D-H-75-oxford-dryland,01,D,H,75,1.12,1.68,6.31,12.23,7.16,0.02,0.17,3.5,8.52,27.94,51.23,22.6,0.92,1.42,4.93,8.11,5.22,0.0,,,,,,
m01-D-H-95-oxford-dryland,01,D,H,95,0.89,1.8,5.6,12.07,6.8,0.03,0.16,3.41,8.48,27.84,50.71,22.71,0.99,1.31,5.03,8.96,4.9,0.0,,,,,,
m01-W-A-25-oxford-dryland,01,W,A,25,41.47,16.27,10.71,21.63,12.63,0.13,0.37,4.68,10.53,29.35,51.04,22.19,42.23,17.71,8.73,14.92,9.11,0.01,,,,,,
m01-W-A-5-oxford-dryland,01,W,A,5,41.18,16.53,10.99,21.61,12.57,0.13,0.39,4.67,10.7,29.53,50.75,21.69,42.3,18.21,8.87,14.79,9.07,0.01,,,,,,
m01-W-A-50-oxford-dryland,01,W,A,50,40.99,15.91,10.45,21.16,12.49,0.12,0.35,4.61,10.56,29.23,50.52,23.05,42.66,18.18,9.01,14.69,9.2,0.01,,,,,,
m01-W-A-75-oxford-dryland,01,W,A,75,41.21,15.67,10.81,21.3,12.61,0.14,0.35,4.6,10.56,29.66,50.13,22.1,42.82,18.46,8.64,14.78,9.03,0.02,,,,,,
m01-W-A-95-oxford-dryland,01,W,A,95,40.71,15.96,10.69,21.09,12.65,0.12,0.38,4.71,10.61,29.37,50.92,22.33,42.52,18.0,8.96,14.31,8.97,0.01,,,,,,
m01-W-C-25-oxford-dryland,01,W,C,25,35.16,13.77,10.15,20.88,12.49,0.11,0.33,4.49,10.53,29.2,49.36,21.98,35.34,16.62,9.16,14.95,9.3,0.02,,,,,,
m01-W-C-5-oxford-dryland,01,W,C,5,35.02,15.07,10.39,21.17,12.43,0.12,0.31,4.49,10.47,29.45,50.42,22.92,35.58,16.88,8.98,14.74,9.07,0.01,,,,,,
m01-W-C-50-oxford-dryland,01,W,C,50,34.83,14.6,10.63,21.23,12.5,0.11,0.36,4.54,10.48,28.98,51.24,23.33,35.86,16.65,8.92,14.95,9.28,0.01,,,,,,
m01-W-C-75-oxford-dryland,01,W,C,75,35.2,15.28,10.58,21.4,12.69,0.11,0.4,4.62,10.54,29.72,51.54,21.89,36.45,16.72,9.37,15.18,9.33,0.02,,,,,,
m01-W-C-95-oxford-dryland,01,W,C,95,35.48,14.65,10.99,21.36,12.6,0.13,0.35,4.61,10.56,29.53,50.57,22.85,35.64,16.56,8.59,14.38,9.11,0.01,,,,,,
m01-W-H-25-oxford-dryland,01,W,H,25,40.95,15.76,10.75,21.25,12.38,0.12,0.35,4.5,10.47,29.57,50.77,22.42,43.17,17.58,8.23,14.1,8.69,0.0,,,,,,
m01-W-H-5-oxford-dryland,01,W,H,5,41.63,16.2,10.14,20.78,12.43,0.12,0.35,4.45,10.52,29.46,51.75,22.95,43.09,18.15,8.25,14.23,8.82,0.01,,,,,,
m01-W-H-50-oxford-dryland,01,W,H,50,40.91,16.31,11.1,21.47,12.63,0.13,0.38,4.52,10.56,29.6,50.59,23.34,42.61,17.7,8.17,13.88,8.7,0.01,,,,,,
m01-W-H-75-oxford-dryland,01,W,H,75,41.63,15.75,10.59,21.22,12.5,0.12,0.34,4.55,10.44,29.58,51.33,22.34,42.78,18.08,8.27,14.09,8.61,0.01,,,,,,
m01-W-H-95-oxford-dryland,01,W,H,95,40.18,15.47,10.48,20.8,12.39,0.11,0.3,4.51,10.37,29.44,51.91,22.72,43.48,18.4,8.77,14.56,8.85,0.02,,,,,,
m02-A-A-25-oxford-dryland,02,A,A,25,6.8,9.08,17.42,10.32,0.05,0.18,3.54,9.33,28.79,51.17,22.16,10.54,6.51,5.99,11.27,7.46,0.0,,,,,,,
m02-A-A-5-oxford-dryland,02,A,A,5,6.38,8.79,17.66,10.42,0.04,0.19,3.8,9.43,28.71,49.96,21.71,10.46,6.39,5.59,11.19,7.47,0.0,,,,,,,
m02-A-A-50-oxford-dryland,02,A,A,50,6.81,9.22,17.74,10.49,0.04,0.17,3.56,9.37,28.64,51.37,22.78,10.43,6.62,5.72,11.37,7.29,0.0,,,,,,,
m02-A-A-75-oxford-dryland,02,A,A,75,6.98,8.87,17.58,10.31,0.04,0.17,3.64,9.39,28.52,51.73,22.25,10.27,6.53,5.98,10.8,7.4,0.0,,,,,,,
m02-A-A-95-oxford-dryland,02,A,A,95,6.94,9.3,18.02,10.34,0.05,0.17,3.66,9.36,28.67,51.9,23.46,10.59,6.96,5.63,10.6,7.4,0.0,,,,,,,
m02-A-C-25-oxford-dryland,02,A,C,25,7.62,9.72,18.52,10.66,0.06,0.2,3.8,9.56,28.86,50.55,22.55,10.26,6.86,6.9,11.92,8.06,0.0,,,,,,,
m02-A-C-5-oxford-dryland,02,A,C,5,8.01,9.57,18.12,10.72,0.05,0.19,3.76,9.6,29.07,51.1,22.91,10.44,7.11,6.38,11.36,7.59,0.0,,,,,,,
m02-A-C-50-oxford-dryland,02,A,C,50,7.73,9.82,18.28,10.79,0.06,0.2,3.84,9.58,28.95,50.78,22.9,9.57,7.19,6.39,11.43,7.71,0.0,,,,,,,
m02-A-C-75-oxford-dryland,02,A,C,75,7.14,9.19,17.5,10.52,0.05,0.2,3.8,9.42,28.97,51.1,22.06,10.46,7.84,6.32,11.7,7.64,0.0,,,,,,,
m02-A-C-95-oxford-dryland,02,A,C,95,8.02,9.65,18.78,10.81,0.05,0.19,3.76,9.5,28.81,51.2,22.74,11.04,7.83,6.64,11.29,7.83,0.0,,,,,,,
m02-A-H-25-oxford-dryland,02,A,H,25,5.97,7.73,17.18,10.0,0.04,0.18,3.61,9.25,28.68,50.73,23.29,10.73,6.47,5.0,10.69,7.25,0.01,,,,,,,
m02-A-H-5-oxford-dryland,02,A,H,5,6.22,7.91,17.33,10.05,0.05,0.16,3.44,9.27,28.8,50.58,23.09,10.64,6.5,4.32,10.39,6.95,0.0,,,,,,,
m02-A-H-50-oxford-dryland,02,A,H,50,6.45,7.89,17.09,9.92,0.04,0.15,3.36,9.3,28.92,52.02,22.69,10.73,6.59,4.32,10.18,7.09,0.0,,,,,,,
m02-A-H-75-oxford-dryland,02,A,H,75,6.03,7.71,17.29,9.76,0.04,0.13,3.4,9.27,28.73,51.36,22.11,9.86,6.89,4.47,10.43,7.08,0.0,,,,,,,
m02-A-H-95-oxford-dryland,02,A,H,95,5.93,7.47,17.29,9.76,0.03,0.15,3.35,9.13,28.67,51.53,22.84,10.12,6.33,4.46,10.16,6.96,0.0,,,,,,,
m02-D-A-25-oxford-dryland,02,D,A,25,0.29,2.01,13.38,6.64,0.02,0.11,2.79,8.28,28.26,52.4,22.79,9.8,0.23,1.16,8.08,5.48,0.0,,,,,,,
m02-D-A-5-oxford-dryland,02,D,A,5,0.3,2.63,13.83,6.75,0.02,0.11,2.8,8.22,28.17,51.08,22.3,10.54,0.24,1.14,7.4,5.56,0.0,,,,,,,
m02-D-A-50-oxford-dryland,02,D,A,50,0.29,2.19,13.14,6.34,0.03,0.1,2.71,8.14,27.98,52.09,23.51,10.8,0.29,1.36,8.07,5.68,0.0,,,,,,,
m02-D-A-75-oxford-dryland,02,D,A,75,0.29,2.24,13.5,6.43,0.02,0.1,2.76,8.16,27.91,51.82,23.04,9.91,0.25,1.11,7.59,5.56,0.0,,,,,,,
m02-D-A-95-oxford-dryland,02,D,A,95,0.26,2.37,13.61,6.54,0.03,0.12,2.82,8.15,27.94,50.86,22.09,9.88,0.28,1.21,7.99,5.65,0.0,,,,,,,
m02-D-H-25-oxford-dryland,02,D,H,25,0.17,2.09,13.66,6.15,0.02,0.12,2.81,8.22,27.76,51.7,22.63,9.68,0.28,1.07,7.38,5.42,0.0,,,,,,,
m02-D-H-5-oxford-dryland,02,D,H,5,0.17,1.85,13.32,6.28,0.01,0.11,2.73,8.15,27.98,50.51,22.16,9.98,0.18,0.99,7.17,5.34,0.0,,,,,,,
m02-D-H-50-oxford-dryland,02,D,H,50,0.2,1.77,12.54,6.14,0.01,0.12,2.63,7.99,27.93,51.12,23.14,10.43,0.22,1.1,7.69,5.56,0.0,,,,,,,
m02-D-H-75-oxford-dryland,02,D,H,75,0.19,1.84,13.1,6.49,0.01,0.13,2.77,8.06,27.82,51.04,22.33,10.39,0.18,0.97,7.16,5.22,0.0,,,,,,,
m02-D-H-95-oxford-dryland,02,D,H,95,0.18,2.12,13.47,6.35,0.02,0.13,2.82,8.21,28.21,50.19,22.55,10.35,0.22,0.93,7.55,5.41,0.0,,,,,,,
m02-W-A-25-oxford-dryland,02,W,A,25,26.26,15.9,21.64,12.65,0.11,0.38,4.42,10.47,29.39,51.31,23.62,10.23,25.76,13.46,15.97,9.44,0.01,,,,,,,
m02-W-A-5-oxford-dryland,02,W,A,5,25.51,16.35,21.76,12.55,0.11,0.34,4.69,10.51,29.37,51.17,22.65,10.37,26.05,13.07,16.17,9.52,0.01,,,,,,,
m02-W-A-50-oxford-dryland,02,W,A,50,25.68,16.12,21.9,12.56,0.1,0.32,4.59,10.38,29.67,51.03,22.48,10.37,26.21,13.43,15.72,9.39,0.01,,,,,,,
m02-W-A-75-oxford-dryland,02,W,A,75,26.11,15.6,21.62,12.55,0.11,0.32,4.57,10.36,28.86,51.21,23.16,10.91,26.17,14.06,15.99,9.45,0.01,,,,,,,
m02-W-A-95-oxford-dryland,02,W,A,95,25.75,16.08,21.99,12.59,0.09,0.36,4.68,10.47,29.24,51.47,23.23,10.14,26.24,13.46,15.84,9.34,0.02,,,,,,,
m02-W-C-25-oxford-dryland,02,W,C,25,25.4,16.63,21.79,12.85,0.13,0.36,4.76,10.51,29.58,50.95,22.34,10.53,23.67,14.8,16.65,9.79,0.01,,,,,,,
m02-W-C-5-oxford-dryland,02,W,C,5,25.19,17.26,22.24,12.78,0.15,0.36,4.72,10.55,29.39,51.14,23.3,10.75,24.24,15.14,17.05,9.8,0.01,,,,,,,
m02-W-C-50-oxford-dryland,02,W,C,50,25.14,16.94,22.45,13.04,0.11,0.37,4.75,10.66,29.39,51.19,22.61,10.88,23.65,15.51,16.81,9.85,0.02,,,,,,,
m02-W-C-75-oxford-dryland,02,W,C,75,25.39,17.11,22.09,12.75,0.11,0.33,4.72,10.56,29.52,51.28,22.36,10.37,24.14,15.09,16.67,9.71,0.02,,,,,,,
m02-W-C-95-oxford-dryland,02,W,C,95,25.2,16.7,22.31,12.79,0.11,0.35,4.63,10.57,29.54,50.91,22.3,10.06,24.21,15.16,16.81,9.79,0.02,,,,,,,
m02-W-H-25-oxford-dryland,02,W,H,25,25.84,14.46,21.32,12.34,0.11,0.37,4.51,10.31,29.34,51.11,22.59,10.25,25.34,10.99,14.38,8.83,0.01,,,,,,,
m02-W-H-5-oxford-dryland,02,W,H,5,25.1,14.62,21.56,12.33,0.09,0.31,4.46,10.32,29.46,50.74,22.32,10.6,26.18,11.05,14.36,8.8,0.01,,,,,,,
m02-W-H-50-oxford-dryland,02,W,H,50,24.79,14.61,21.45,12.34,0.09,0.28,4.38,10.34,29.45,51.75,23.68,10.55,25.89,11.59,14.92,9.14,0.01,,,,,,,
m02-W-H-75-oxford-dryland,02,W,H,75,25.0,14.57,20.82,12.29,0.08,0.3,4.42,10.24,29.24,51.19,23.2,10.56,25.43,11.52,14.95,8.97,0.01,,,,,,,
m02-W-H-95-oxford-dryland,02,W,H,95,25.28,14.27,21.43,12.4,0.09,0.31,4.41,10.32,29.33,50.89,22.88,9.74,25.11,10.9,14.41,8.9,0.01,,,,,,,
m03-A-A-25-oxford-dryland,03,A,A,25,8.93,17.93,10.62,0.03,0.18,3.58,9.39,29.06,51.31,22.42,10.74,6.7,5.95,11.14,7.39,0.0,,,,,,,,
m03-A-A-5-oxford-dryland,03,A,A,5,8.95,18.08,10.44,0.05,0.17,3.53,9.42,28.51,50.47,22.73,10.47,6.61,5.96,10.86,7.45,0.0,,,,,,,,
m03-A-A-50-oxford-dryland,03,A,A,50,9.55,17.86,10.61,0.04,0.18,3.73,9.42,28.67,50.97,22.96,9.94,6.44,5.83,10.66,7.36,0.0,,,,,,,,
m03-A-A-75-oxford-dryland,03,A,A,75,8.87,17.35,10.29,0.03,0.19,3.64,9.32,28.99,51.32,23.33,10.48,6.69,5.52,11.38,7.51,0.0,,,,,,,,
m03-A-A-95-oxford-dryland,03,A,A,95,8.85,17.73,10.26,0.05,0.18,3.57,9.36,28.62,51.6,23.1,10.5,6.08,5.22,10.57,7.34,0.0,,,,,,,,
m03-A-C-25-oxford-dryland,03,A,C,25,9.05,18.29,10.77,0.05,0.23,3.89,9.56,28.93,51.01,21.49,9.87,6.99,4.71,11.48,7.7,0.0,,,,,,,,
m03-A-C-5-oxford-dryland,03,A,C,5,8.98,18.31,10.74,0.04,0.19,3.95,9.47,28.76,51.82,23.32,10.34,6.7,4.94,11.81,7.84,0.0,,,,,,,,
m03-A-C-50-oxford-dryland,03,A,C,50,8.89,18.22,10.89,0.07,0.22,3.88,9.63,29.06,50.99,22.14,10.85,6.72,4.93,11.83,7.68,0.0,,,,,,,,
m03-A-C-75-oxford-dryland,03,A,C,75,9.43,18.52,10.89,0.06,0.23,4.03,9.57,28.78,51.14,23.22,9.94,6.91,5.0,11.87,7.87,0.0,,,,,,,,
m03-A-C-95-oxford-dryland,03,A,C,95,8.87,18.45,10.8,0.06,0.24,3.92,9.6,28.63,50.96,22.44,10.4,7.31,4.79,12.14,7.91,0.0,,,,,,,,
m03-A-H-25-oxford-dryland,03,A,H,25,8.34,16.83,10.12,0.04,0.13,3.35,9.22,28.8,50.09,22.71,10.08,6.11,6.2,10.5,7.12,0.0,,,,,,,,
m03-A-H-5-oxford-dryland,03,A,H,5,8.5,17.25,10.01,0.03,0.13,3.36,9.18,28.61,50.76,22.56,10.62,6.59,6.41,10.37,7.15,0.0,,,,,,,,
m03-A-H-50-oxford-dryland,03,A,H,50,8.81,17.2,9.88,0.04,0.12,3.36,9.24,28.53,50.59,21.96,9.96,6.23,5.99,10.15,7.13,0.0,,,,,,,,
m03-A-H-75-oxford-dryland,03,A,H,75,8.38,17.03,9.95,0.05,0.13,3.36,9.21,28.95,50.95,22.28,10.42,6.89,5.98,10.24,7.15,0.0,,,,,,,,
m03-A-H-95-oxford-dryland,03,A,H,95,8.35,17.16,9.88,0.03,0.16,3.47,9.25,28.8,50.48,22.49,10.33,6.56,5.95,10.43,7.24,0.0,,,,,,,,
m03-D-A-25-oxford-dryland,03,D,A,25,0.8,7.28,7.36,0.01,0.09,2.48,8.19,28.24,51.19,23.06,10.29,6.59,0.34,2.39,3.89,0.0,,,,,,,,
m03-D-A-5-oxford-dryland,03,D,A,5,0.7,7.25,7.44,0.02,0.08,2.26,8.2,28.16,51.56,23.28,10.47,5.97,0.42,2.41,3.72,0.0,,,,,,,,
m03-D-A-50-oxford-dryland,03,D,A,50,0.65,7.14,7.05,0.02,0.1,2.31,8.06,27.87,50.91,22.72,10.32,6.44,0.38,2.33,3.78,0.0,,,,,,,,
m03-D-A-75-oxford-dryland,03,D,A,75,0.55,7.09,7.05,0.01,0.07,2.38,8.11,28.24,51.97,23.27,10.26,6.36,0.31,2.36,3.85,0.0,,,,,,,,
m03-D-A-95-oxford-dryland,03,D,A,95,0.58,6.98,7.13,0.01,0.1,2.34,8.11,28.29,50.72,23.29,9.74,6.13,0.41,2.55,3.9,0.0,,,,,,,,
m03-D-C-25-oxford-dryland,03,D,C,25,0.78,8.4,7.53,0.01,0.11,2.67,8.36,28.43,51.22,22.34,10.12,6.47,0.45,3.18,4.45,0.0,,,,,,,,
m03-D-C-5-oxford-dryland,03,D,C,5,0.75,8.08,7.71,0.02,0.08,2.49,8.17,27.92,51.66,22.91,10.57,6.57,0.45,3.03,4.54,0.0,,,,,,,,
m03-D-C-50-oxford-dryland,03,D,C,50,0.94,8.56,7.58,0.01,0.09,2.62,8.3,28.14,50.5,22.78,10.18,6.67,0.45,3.04,4.41,0.0,,,,,,,,
m03-D-C-75-oxford-dryland,03,D,C,75,0.94,8.7,7.6,0.02,0.1,2.6,8.3,28.07,50.92,23.13,10.16,6.44,0.46,3.03,4.26,0.0,,,,,,,,
m03-D-C-95-oxford-dryland,03,D,C,95,0.91,8.49,7.64,0.01,0.08,2.53,8.29,28.31,51.59,22.41,10.67,6.54,0.52,3.24,4.5,0.0,,,,,,,,
m03-D-H-25-oxford-dryland,03,D,H,25,1.68,10.35,8.14,0.01,0.1,2.59,8.29,28.54,52.04,22.83,10.52,6.53,0.93,4.07,4.77,0.0,,,,,,,,
m03-D-H-5-oxford-dryland,03,D,H,5,1.57,10.36,7.93,0.02,0.09,2.7,8.41,28.46,50.76,23.79,9.97,6.56,0.8,4.32,4.8,0.0,,,,,,,,
m03-D-H-50-oxford-dryland,03,D,H,50,1.42,10.14,8.07,0.02,0.08,2.65,8.26,28.29,51.19,23.95,10.63,6.88,0.89,4.55,4.7,0.0,,,,,,,,
m03-D-H-75-oxford-dryland,03,D,H,75,1.43,10.16,7.63,0.01,0.08,2.5,8.26,28.15,51.24,21.65,10.93,6.61,1.02,4.22,4.87,0.0,,,,,,,,
m03-D-H-95-oxford-dryland,03,D,H,95,1.5,10.38,7.75,0.02,0.08,2.68,8.45,28.07,50.81,21.86,9.97,6.73,0.98,4.39,4.89,0.0,,,,,,,,
m03-W-A-25-oxford-dryland,03,W,A,25,22.84,25.79,12.88,0.1,0.33,4.64,10.42,29.37,51.86,21.77,10.81,6.55,16.67,18.89,9.99,0.01,,,,,,,,
m03-W-A-5-oxford-dryland,03,W,A,5,22.91,26.28,13.01,0.11,0.37,4.7,10.47,29.28,50.1,22.61,10.14,7.04,16.0,18.83,9.95,0.01,,,,,,,,
m03-W-A-50-oxford-dryland,03,W,A,50,22.83,25.7,13.0,0.1,0.33,4.68,10.38,29.41,52.09,23.09,10.79,7.11,16.66,18.91,10.1,0.01,,,,,,,,
m03-W-A-75-oxford-dryland,03,W,A,75,22.96,25.87,12.84,0.1,0.28,4.61,10.28,29.0,51.75,22.62,10.21,7.04,16.16,18.72,9.88,0.0,,,,,,,,
m03-W-A-95-oxford-dryland,03,W,A,95,22.81,26.17,13.0,0.11,0.33,4.76,10.55,29.09,51.11,22.69,10.44,6.69,16.36,18.79,9.97,0.01,,,,,,,,
m03-W-C-25-oxford-dryland,03,W,C,25,21.42,25.58,13.07,0.13,0.38,4.87,10.48,29.4,51.79,22.83,11.01,6.63,13.94,19.12,10.26,0.01,,,,,,,,
m03-W-C-5-oxford-dryland,03,W,C,5,21.6,25.61,13.05,0.12,0.38,5.03,10.5,29.02,50.83,21.81,10.21,6.53,13.15,19.02,10.02,0.01,,,,,,,,
m03-W-C-50-oxford-dryland,03,W,C,50,21.45,25.84,13.08,0.11,0.35,4.87,10.42,29.31,50.91,23.35,10.28,7.51,13.86,19.38,10.2,0.01,,,,,,,,
m03-W-C-75-oxford-dryland,03,W,C,75,21.56,25.88,13.19,0.11,0.4,4.97,10.4,29.2,51.66,23.16,11.31,7.2,13.7,19.62,10.25,0.01,,,,,,,,
m03-W-C-95-oxford-dryland,03,W,C,95,21.15,25.39,13.02,0.11,0.43,4.9,10.42,29.01,52.5,22.73,10.8,7.41,13.68,19.26,10.16,0.01,,,,,,,,
m03-W-H-25-oxford-dryland,03,W,H,25,18.3,21.88,11.72,0.08,0.26,3.96,9.92,29.23,50.64,22.62,10.41,6.73,14.44,15.14,8.79,0.01,,,,,,,,
m03-W-H-5-oxford-dryland,03,W,H,5,18.81,22.15,11.87,0.07,0.24,4.13,9.83,28.98,50.38,23.01,10.5,6.7,14.71,15.44,8.75,0.0,,,,,,,,
m03-W-H-50-oxford-dryland,03,W,H,50,18.92,21.87,11.92,0.07,0.26,4.21,9.94,29.27,51.02,22.57,10.26,6.73,14.1,15.76,8.82,0.01,,,,,,,,
m03-W-H-75-oxford-dryland,03,W,H,75,18.72,21.76,11.91,0.06,0.24,4.14,9.84,29.09,51.47,22.57,10.78,6.97,14.4,15.65,8.79,0.0,,,,,,,,
m03-W-H-95-oxford-dryland,03,W,H,95,18.51,22.01,11.76,0.06,0.2,4.04,9.88,29.0,50.99,22.45,11.24,6.91,14.52,15.57,8.79,0.0,,,,,,,,
m04-A-A-25-oxford-dryland,04,A,A,25,17.84,10.43,0.05,0.16,3.63,9.36,28.95,51.08,22.77,10.19,6.78,5.99,11.42,7.55,0.0,,,,,,,,,
m04-A-A-5-oxford-dryland,04,A,A,5,17.72,10.65,0.04,0.18,3.59,9.41,28.86,50.77,22.56,10.72,6.72,5.93,11.13,7.48,0.0,,,,,,,,,
m04-A-A-50-oxford-dryland,04,A,A,50,17.6,10.52,0.05,0.15,3.67,9.42,28.96,50.2,23.18,10.61,6.84,5.8,11.09,7.37,0.0,,,,,,,,,
m04-A-A-75-oxford-dryland,04,A,A,75,17.48,10.29,0.05,0.15,3.58,9.29,28.83,50.94,21.68,9.8,6.53,5.72,11.06,7.43,0.0,,,,,,,,,
m04-A-A-95-oxford-dryland,04,A,A,95,17.69,10.35,0.05,0.18,3.57,9.33,28.45,50.06,22.43,10.37,6.59,5.83,11.23,7.44,0.0,,,,,,,,,
m04-A-C-25-oxford-dryland,04,A,C,25,13.17,9.89,0.03,0.15,3.45,9.25,29.03,50.95,23.17,10.99,7.06,5.5,7.48,6.57,0.0,,,,,,,,,
m04-A-C-5-oxford-dryland,04,A,C,5,12.81,9.67,0.05,0.15,3.43,9.18,28.55,51.22,23.27,10.66,6.74,5.92,7.78,6.81,0.0,,,,,,,,,
m04-A-C-50-oxford-dryland,04,A,C,50,13.47,9.74,0.04,0.18,3.46,9.16,28.52,51.16,23.23,10.56,6.62,5.65,7.89,6.83,0.0,,,,,,,,,
m04-A-C-75-oxford-dryland,04,A,C,75,13.25,9.42,0.04,0.18,3.47,9.18,28.57,51.2,23.39,10.74,6.72,5.98,8.04,6.85,0.0,,,,,,,,,
m04-A-C-95-oxford-dryland,04,A,C,95,13.56,9.71,0.04,0.18,3.39,9.2,28.67,51.12,23.34,10.55,6.91,5.73,8.01,6.72,0.0,,,,,,,,,
m04-A-H-25-oxford-dryland,04,A,H,25,20.5,10.43,0.04,0.16,3.59,9.37,28.39,51.19,22.16,10.68,6.47,5.59,13.56,7.51,0.0,,,,,,,,,
m04-A-H-5-oxford-dryland,04,A,H,5,19.85,10.52,0.04,0.19,3.67,9.36,28.74,50.97,22.47,10.22,6.31,5.76,13.66,7.65,0.0,,,,,,,,,
m04-A-H-50-oxford-dryland,04,A,H,50,19.55,10.21,0.05,0.14,3.4,9.29,28.53,51.28,22.35,10.07,6.84,5.87,13.44,7.78,0.0,,,,,,,,,
m04-A-H-75-oxford-dryland,04,A,H,75,20.26,10.49,0.04,0.19,3.65,9.54,28.35,51.99,22.43,10.68,6.73,5.84,13.83,7.77,0.0,,,,,,,,,
m04-A-H-95-oxford-dryland,04,A,H,95,20.27,10.31,0.04,0.17,3.51,9.38,28.91,51.05,23.3,10.51,6.81,5.9,13.71,7.59,0.0,,,,,,,,,
m04-D-A-25-oxford-dryland,04,D,A,25,6.94,4.89,0.02,0.04,1.69,7.4,27.88,51.68,22.98,9.48,6.3,5.78,3.97,2.75,0.0,,,,,,,,,
m04-D-A-5-oxford-dryland,04,D,A,5,6.7,4.91,0.02,0.06,1.67,7.4,27.88,51.46,22.8,10.85,5.99,5.6,4.09,2.8,0.0,,,,,,,,,
m04-D-A-50-oxford-dryland,04,D,A,50,6.31,4.79,0.01,0.07,1.55,7.27,27.68,51.45,22.65,10.15,6.04,5.71,4.19,2.87,0.0,,,,,,,,,
m04-D-A-75-oxford-dryland,04,D,A,75,6.51,4.91,0.02,0.06,1.6,7.25,27.98,51.75,24.13,10.14,6.29,5.75,4.22,2.79,0.0,,,,,,,,,
m04-D-A-95-oxford-dryland,04,D,A,95,6.57,5.09,0.02,0.06,1.67,7.32,27.92,50.59,23.35,11.02,6.06,5.5,4.45,2.9,0.0,,,,,,,,,
m04-D-C-25-oxford-dryland,04,D,C,25,4.42,3.94,0.01,0.06,1.46,7.1,27.74,50.58,22.15,10.06,5.82,5.22,2.48,2.31,0.0,,,,,,,,,
m04-D-C-5-oxford-dryland,04,D,C,5,4.38,3.94,0.01,0.05,1.43,7.02,27.69,51.1,21.6,9.46,5.9,5.75,2.38,2.04,0.0,,,,,,,,,
m04-D-C-50-oxford-dryland,04,D,C,50,4.32,3.96,0.01,0.05,1.4,6.93,27.33,50.85,22.43,10.7,6.0,5.49,2.68,2.18,0.0,,,,,,,,,
m04-D-C-75-oxford-dryland,04,D,C,75,4.28,3.78,0.01,0.06,1.37,6.95,27.44,50.91,22.44,10.45,6.33,5.8,2.67,2.29,0.0,,,,,,,,,
m04-D-C-95-oxford-dryland,04,D,C,95,4.46,4.12,0.02,0.06,1.48,7.06,27.52,51.21,22.93,9.95,5.91,5.68,2.61,2.21,0.0,,,,,,,,,
m04-D-H-25-oxford-dryland,04,D,H,25,5.59,4.29,0.01,0.05,1.35,6.95,28.09,52.2,22.02,10.48,5.95,5.69,3.65,2.13,0.0,,,,,,,,,
m04-D-H-5-oxford-dryland,04,D,H,5,5.37,4.24,0.01,0.04,1.29,6.84,27.17,49.86,22.31,9.94,5.88,5.55,3.67,2.31,0.0,,,,,,,,,
m04-D-H-50-oxford-dryland,04,D,H,50,6.04,4.27,0.01,0.05,1.37,7.01,27.62,51.49,22.36,9.99,6.17,5.39,3.76,2.38,0.0,,,,,,,,,
m04-D-H-75-oxford-dryland,04,D,H,75,5.47,4.05,0.02,0.04,1.32,6.99,27.91,51.61,22.67,10.47,5.78,5.43,3.66,2.3,0.0,,,,,,,,,
m04-D-H-95-oxford-dryland,04,D,H,95,5.41,4.31,0.01,0.05,1.31,6.96,27.5,51.28,23.49,9.43,6.27,5.41,3.4,2.21,0.0,,,,,,,,,
m04-W-A-25-oxford-dryland,04,W,A,25,21.16,11.35,0.06,0.25,4.05,9.74,28.94,50.91,22.24,10.67,6.6,5.91,13.3,8.44,0.0,,,,,,,,,
m04-W-A-5-oxford-dryland,04,W,A,5,21.15,11.27,0.06,0.18,4.01,9.7,28.67,50.49,22.82,10.01,6.85,5.97,13.66,8.61,0.0,,,,,,,,,
m04-W-A-50-oxford-dryland,04,W,A,50,21.59,11.39,0.07,0.23,4.12,9.74,28.88,51.76,23.38,10.44,6.81,5.58,13.13,8.31,0.0,,,,,,,,,
m04-W-A-75-oxford-dryland,04,W,A,75,21.29,11.33,0.06,0.23,4.12,9.8,29.13,50.67,22.04,10.04,6.46,5.55,13.36,8.41,0.0,,,,,,,,,
m04-W-A-95-oxford-dryland,04,W,A,95,21.52,11.31,0.06,0.23,3.98,9.7,29.15,51.85,22.18,10.24,6.29,5.53,12.94,8.41,0.0,,,,,,,,,
m04-W-C-25-oxford-dryland,04,W,C,25,16.92,11.3,0.06,0.26,4.11,9.67,29.1,51.11,23.23,10.44,6.83,5.85,9.49,8.07,0.0,,,,,,,,,
m04-W-C-5-oxford-dryland,04,W,C,5,16.78,11.15,0.05,0.22,3.99,9.61,28.96,51.53,23.06,10.77,6.32,6.33,9.64,8.37,0.0,,,,,,,,,
m04-W-C-50-oxford-dryland,04,W,C,50,16.85,11.25,0.06,0.21,4.03,9.72,29.0,50.46,23.26,10.53,6.34,5.92,9.55,8.1,0.0,,,,,,,,,
m04-W-C-75-oxford-dryland,04,W,C,75,16.7,11.32,0.05,0.25,4.16,9.69,29.03,51.92,23.06,10.02,6.93,6.09,9.62,8.26,0.01,,,,,,,,,
m04-W-C-95-oxford-dryland,04,W,C,95,16.89,11.15,0.06,0.23,3.98,9.76,29.22,51.52,22.95,10.63,7.16,5.87,9.58,8.35,0.0,,,,,,,,,
m04-W-H-25-oxford-dryland,04,W,H,25,24.48,11.24,0.05,0.22,3.96,9.71,28.82,51.0,22.74,10.16,6.91,5.88,18.25,8.69,0.0,,,,,,,,,
m04-W-H-5-oxford-dryland,04,W,H,5,25.12,11.25,0.06,0.21,3.99,9.75,28.69,51.34,21.52,9.97,6.54,5.36,17.51,8.63,0.0,,,,,,,,,
m04-W-H-50-oxford-dryland,04,W,H,50,24.79,11.32,0.05,0.21,3.92,9.79,28.91,50.08,23.25,10.21,6.77,5.72,17.68,8.53,0.01,,,,,,,,,
m04-W-H-75-oxford-dryland,04,W,H,75,24.33,11.27,0.05,0.2,4.02,9.65,28.75,51.71,23.05,10.88,7.02,6.05,18.12,8.71,0.0,,,,,,,,,
m04-W-H-95-oxford-dryland,04,W,H,95,24.23,11.18,0.06,0.19,3.88,9.72,28.9,50.7,22.56,10.88,6.0,5.91,18.04,8.45,0.0,,,,,,,,,
m05-A-A-0-oxford-dryland,05,A,A,0,10.54,0.05,0.17,3.7,9.49,28.73,51.1,22.08,10.26,6.31,5.58,10.97,7.32,0.0,,,,,,,,,,
m05-A-C-0-oxford-dryland,05,A,C,0,5.74,0.04,0.15,3.35,9.26,29.14,51.42,23.19,10.63,7.29,5.32,11.1,3.6,0.0,,,,,,,,,,
m05-A-H-0-oxford-dryland,05,A,H,0,15.34,0.05,0.17,3.7,9.39,28.64,50.92,21.73,10.58,6.36,5.77,10.65,11.68,0.0,,,,,,,,,,
m05-D-A-0-oxford-dryland,05,D,A,0,9.23,0.04,0.13,3.14,9.07,28.62,50.9,23.49,10.34,6.71,6.17,11.29,6.79,0.0,,,,,,,,,,
m05-D-C-0-oxford-dryland,05,D,C,0,6.7,0.05,0.15,3.22,9.13,28.67,51.75,23.37,10.19,6.45,5.64,11.11,4.26,0.0,,,,,,,,,,
m05-D-H-0-oxford-dryland,05,D,H,0,12.97,0.04,0.16,2.94,8.68,28.5,51.05,22.69,10.52,7.14,5.69,10.94,10.63,0.0,,,,,,,,,,
m05-W-A-0-oxford-dryland,05,W,A,0,11.36,0.04,0.18,3.66,9.36,28.94,51.18,22.73,9.82,6.6,5.76,11.03,7.68,0.0,,,,,,,,,,
m05-W-C-0-oxford-dryland,05,W,C,0,3.93,0.03,0.14,3.31,9.1,28.66,51.96,23.31,10.35,7.1,5.5,10.99,2.32,0.0,,,,,,,,,,
m05-W-H-0-oxford-dryland,05,W,H,0,14.59,0.06,0.22,3.73,9.33,28.67,50.88,22.53,10.35,6.26,5.87,11.16,10.75,0.01,,,,,,,,,,
m06-A-A-0-oxford-dryland,06,A,A,0,0.04,0.17,3.63,9.25,28.88,50.94,23.06,10.83,6.51,5.78,11.02,7.5,0.0,,,,,,,,,,,
m06-A-C-0-oxford-dryland,06,A,C,0,0.0,0.01,2.14,9.31,28.87,51.04,22.45,10.76,6.46,6.06,11.18,7.55,0.0,,,,,,,,,,,
m06-A-H-0-oxford-dryland,06,A,H,0,2.1,0.65,4.63,9.45,28.82,51.17,23.64,10.37,6.73,5.69,10.86,7.3,1.0,,,,,,,,,,,
m06-D-A-0-oxford-dryland,06,D,A,0,0.08,0.21,3.66,9.23,28.52,51.26,22.87,10.47,6.38,5.87,10.86,7.39,0.0,,,,,,,,,,,
m06-D-C-0-oxford-dryland,06,D,C,0,0.0,0.02,2.13,9.01,28.85,50.22,22.51,10.37,6.74,5.85,11.06,7.34,0.0,,,,,,,,,,,
m06-D-H-0-oxford-dryland,06,D,H,0,2.99,0.7,4.53,9.25,28.86,51.63,24.3,9.98,6.46,5.49,10.86,7.52,1.82,,,,,,,,,,,
m06-W-A-0-oxford-dryland,06,W,A,0,0.01,0.11,3.39,9.41,28.87,50.58,22.61,10.31,6.88,5.75,11.23,7.44,0.0,,,,,,,,,,,
m06-W-C-0-oxford-dryland,06,W,C,0,0.0,0.0,1.96,9.19,28.52,51.02,22.55,10.69,6.84,5.95,11.07,7.48,0.0,,,,,,,,,,,
m06-W-H-0-oxford-dryland,06,W,H,0,0.75,0.53,4.48,9.31,28.7,50.84,22.91,10.07,6.65,5.41,10.98,7.34,0.23,,,,,,,,,,,
m07-A-A-0-oxford-dryland,07,A,A,0,0.0,0.95,10.29,27.98,50.16,22.64,10.03,7.13,8.76,17.27,10.34,0.04,0.17,3.59,9.39,28.93,50.93,22.66,10.18,6.46,6.15,10.94,7.32,0.0
m07-A-C-0-oxford-dryland,07,A,C,0,0.0,0.1,9.0,28.61,51.17,22.58,10.01,6.77,9.57,17.84,10.32,0.03,0.0,1.85,9.1,28.77,51.76,22.79,10.68,6.43,5.58,11.22,7.62,0.0
m07-A-H-0-oxford-dryland,07,A,H,0,0.01,4.07,10.88,28.21,50.64,23.49,10.6,6.54,8.95,17.89,10.05,0.03,2.37,5.08,9.57,28.92,50.67,23.22,10.16,6.85,5.6,10.57,7.53,0.0
m07-D-A-0-oxford-dryland,07,D,A,0,0.0,0.75,10.16,28.52,50.4,23.51,9.99,6.62,9.17,17.79,10.45,0.04,0.13,3.51,9.41,28.71,51.08,23.25,9.89,6.25,6.11,10.92,7.39,0.0
m07-D-C-0-oxford-dryland,07,D,C,0,0.0,0.06,8.54,28.85,51.4,23.02,10.74,7.02,8.68,17.82,10.25,0.05,0.0,1.63,8.86,28.74,51.08,22.83,10.34,6.71,6.0,11.44,7.29,0.0
m07-D-H-0-oxford-dryland,07,D,H,0,0.05,5.26,10.83,28.38,50.17,22.78,10.33,7.29,9.73,17.8,10.39,0.03,3.41,5.29,9.46,28.92,51.36,23.22,10.02,5.97,5.54,10.98,7.33,0.0
m07-W-A-0-oxford-dryland,07,W,A,0,0.0,0.84,10.26,28.69,50.97,23.84,11.24,7.47,9.54,18.09,10.69,0.05,0.13,3.56,9.56,28.68,51.94,22.05,9.69,6.19,5.3,10.84,7.31,0.0
m07-W-C-0-oxford-dryland,07,W,C,0,0.0,0.08,8.82,28.5,51.36,22.95,9.74,6.8,9.28,17.97,10.39,0.04,0.0,1.88,9.0,28.76,51.61,22.53,10.22,6.71,5.82,10.66,7.39,0.0
m07-W-H-0-oxford-dryland,07,W,H,0,0.0,2.67,10.81,28.46,51.2,22.35,10.53,7.08,8.8,17.78,10.35,0.03,0.96,4.83,9.55,28.93,51.39,22.42,10.31,7.17,5.55,11.16,7.51,0.0
m08-A-A-0-oxford-dryland,08,A,A,0,0.97,10.38,28.26,50.81,22.47,10.15,6.97,8.93,17.59,10.2,0.04,0.18,3.53,9.37,28.74,51.13,22.62,10.35,6.61,5.81,10.92,7.25,0.0,
m08-A-C-0-oxford-dryland,08,A,C,0,0.01,7.05,28.95,50.76,22.58,9.66,6.58,8.88,17.71,10.37,0.04,0.19,0.36,7.84,29.13,52.38,22.91,10.48,6.62,5.78,11.4,7.48,0.0,
m08-A-H-0-oxford-dryland,08,A,H,0,5.66,11.04,28.16,50.39,23.15,10.3,6.76,8.99,17.65,10.17,0.04,0.16,9.17,9.69,28.68,51.37,22.7,9.94,6.69,5.21,10.45,7.26,0.0,
m08-D-A-0-oxford-dryland,08,D,A,0,0.97,9.57,27.5,50.59,22.24,10.34,6.95,9.28,17.52,10.38,0.04,0.17,3.27,8.59,27.63,51.37,22.88,10.7,6.75,6.05,11.32,7.6,0.0,
m08-D-C-0-oxford-dryland,08,D,C,0,0.01,6.08,27.01,50.66,22.68,10.46,6.96,8.51,17.91,10.35,0.04,0.16,0.45,6.73,26.74,50.84,23.29,10.22,6.57,5.83,11.31,7.57,0.0,
m08-D-H-0-oxford-dryland,08,D,H,0,5.24,9.52,27.19,51.57,22.27,9.98,7.3,9.12,17.26,10.05,0.04,0.12,8.63,8.34,27.13,51.41,23.53,10.38,6.66,5.53,11.15,7.56,0.0,
m08-W-A-0-oxford-dryland,08,W,A,0,0.71,10.21,28.67,51.32,22.38,10.71,6.94,9.36,18.35,10.54,0.05,0.17,3.0,9.56,29.31,51.29,23.29,10.13,6.79,5.76,11.16,7.51,0.0,
m08-W-C-0-oxford-dryland,08,W,C,0,0.0,6.09,28.72,51.15,23.1,10.58,6.87,9.1,17.98,10.39,0.04,0.19,0.15,7.28,29.66,51.7,22.62,10.2,6.81,6.29,11.22,7.47,0.0,
m08-W-H-0-oxford-dryland,08,W,H,0,4.99,11.31,29.09,50.75,22.79,10.08,6.34,8.89,17.06,10.35,0.03,0.17,6.87,9.88,29.16,50.37,22.66,10.42,6.76,5.65,10.98,7.33,0.0,
m09-A-A-25-oxford-dryland,09,A,A,25,10.32,28.6,51.43,22.99,10.28,7.13,9.67,17.73,10.51,0.04,0.15,3.58,9.43,28.52,50.63,23.65,10.35,6.79,5.85,10.78,7.38,0.0,,
m09-A-A-5-oxford-dryland,09,A,A,5,10.3,28.61,51.1,22.21,10.91,6.8,9.27,17.8,10.57,0.06,0.19,3.48,9.46,28.79,50.74,22.36,9.53,5.85,5.72,10.77,7.24,0.0,,
m09-A-A-50-oxford-dryland,09,A,A,50,10.41,28.54,50.33,23.19,10.33,6.73,9.17,17.93,10.25,0.06,0.17,3.55,9.41,28.81,51.71,23.12,10.48,7.16,5.36,11.24,7.38,0.0,,
m09-A-A-75-oxford-dryland,09,A,A,75,10.33,28.49,51.88,22.61,10.06,7.5,9.28,17.72,10.48,0.05,0.16,3.69,9.35,28.54,51.45,23.04,10.39,6.56,5.53,10.85,7.45,0.0,,
m09-A-A-95-oxford-dryland,09,A,A,95,10.3,28.24,51.08,22.35,9.97,6.61,8.92,17.39,10.4,0.05,0.16,3.61,9.33,28.75,51.61,21.86,10.82,6.56,5.8,10.83,7.36,0.0,,
m09-A-C-25-oxford-dryland,09,A,C,25,8.31,28.98,50.71,22.35,10.55,7.19,9.28,17.97,10.58,0.05,0.19,3.72,5.55,29.19,51.17,22.15,10.19,6.98,5.49,10.74,7.4,0.0,,
m09-A-C-5-oxford-dryland,09,A,C,5,8.37,28.84,51.67,23.48,10.47,7.23,9.31,18.14,10.62,0.05,0.22,3.79,5.56,29.27,52.03,23.52,10.33,6.86,5.82,11.28,7.54,0.0,,
m09-A-C-50-oxford-dryland,09,A,C,50,8.35,28.91,50.76,22.3,10.22,6.62,8.98,18.62,10.54,0.05,0.21,3.86,5.51,29.11,51.35,23.46,10.67,6.75,5.38,11.11,7.39,0.0,,
m09-A-C-75-oxford-dryland,09,A,C,75,8.3,28.68,51.01,22.52,10.0,6.83,8.94,17.85,10.55,0.05,0.2,3.76,5.5,29.48,51.82,23.4,9.9,7.01,6.0,11.23,7.51,0.0,,
m09-A-C-95-oxford-dryland,09,A,C,95,8.33,29.02,50.69,23.18,10.01,6.63,8.77,18.06,10.32,0.04,0.2,3.69,5.53,29.57,51.15,23.36,10.66,6.76,5.76,11.09,7.52,0.0,,
m09-A-H-25-oxford-dryland,09,A,H,25,10.96,27.09,50.26,22.43,10.92,6.77,9.29,17.91,10.16,0.03,0.14,3.5,11.36,27.07,51.22,23.26,10.31,6.3,5.63,10.76,7.5,0.0,,
m09-A-H-5-oxford-dryland,09,A,H,5,10.95,26.77,50.26,21.97,10.03,6.48,8.82,17.2,10.09,0.03,0.16,3.48,11.29,27.25,51.15,22.38,9.86,6.34,5.51,10.3,7.24,0.0,,
m09-A-H-50-oxford-dryland,09,A,H,50,11.0,27.14,50.21,22.91,10.75,6.62,8.88,17.5,10.08,0.04,0.14,3.53,11.19,27.08,51.45,23.85,10.39,6.47,5.53,10.86,7.41,0.01,,
m09-A-H-75-oxford-dryland,09,A,H,75,10.99,26.97,50.6,22.03,10.69,6.64,9.09,17.47,10.09,0.04,0.15,3.36,11.36,27.19,51.14,23.82,9.86,6.24,6.18,11.24,7.61,0.0,,
m09-A-H-95-oxford-dryland,09,A,H,95,10.9,27.11,50.77,22.96,9.96,6.48,8.91,17.07,9.86,0.05,0.14,3.36,11.21,27.03,50.62,23.03,10.44,6.72,5.68,10.8,7.5,0.0,,
m09-D-A-25-oxford-dryland,09,D,A,25,6.28,20.99,50.15,23.1,10.16,6.68,9.11,16.72,9.72,0.02,0.12,3.13,5.3,19.97,50.27,23.38,9.39,5.91,5.48,10.76,7.8,0.0,,
m09-D-A-5-oxford-dryland,09,D,A,5,6.17,20.88,49.65,23.2,10.27,7.28,9.1,16.85,9.87,0.03,0.11,3.05,5.28,20.19,50.21,23.21,9.65,5.91,5.96,11.58,7.85,0.0,,
m09-D-A-50-oxford-dryland,09,D,A,50,6.17,21.38,50.3,21.76,9.84,6.79,8.91,16.03,9.69,0.02,0.13,3.17,5.05,19.75,49.73,23.08,9.86,5.83,5.28,11.09,7.62,0.0,,
m09-D-A-75-oxford-dryland,09,D,A,75,6.26,20.74,50.28,22.77,10.53,7.05,9.0,16.81,9.78,0.02,0.1,3.2,5.3,19.87,50.5,22.79,9.65,5.67,5.58,10.95,7.68,0.01,,
m09-D-A-95-oxford-dryland,09,D,A,95,6.12,20.82,51.38,22.72,10.64,6.93,9.1,16.85,9.73,0.03,0.11,3.11,5.23,19.8,49.99,22.75,10.29,5.91,5.55,11.47,7.76,0.0,,
m09-D-H-25-oxford-dryland,09,D,H,25,6.53,21.44,50.65,23.33,9.71,6.56,9.44,15.93,9.45,0.03,0.1,3.04,7.12,20.35,50.53,23.51,9.89,5.87,5.28,11.12,7.71,0.0,,
m09-D-H-5-oxford-dryland,09,D,H,5,6.62,21.36,49.89,22.64,10.26,6.87,8.42,15.77,9.58,0.02,0.09,3.04,7.07,20.25,50.84,22.93,9.59,5.28,5.39,11.09,7.72,0.0,,
m09-D-H-50-oxford-dryland,09,D,H,50,6.51,21.17,50.61,22.51,9.86,6.97,9.14,16.18,9.54,0.02,0.1,3.07,7.07,20.25,49.29,23.2,10.26,5.85,5.39,11.03,7.8,0.0,,
m09-D-H-75-oxford-dryland,09,D,H,75,6.7,21.07,50.26,22.54,9.58,6.91,8.98,16.07,9.5,0.02,0.09,2.97,7.1,19.98,50.39,23.0,9.94,5.59,5.15,11.05,7.79,0.0,,
m09-D-H-95-oxford-dryland,09,D,H,95,6.8,21.1,50.2,21.84,9.97,6.54,8.86,15.86,9.47,0.02,0.08,2.94,7.04,19.85,50.96,22.77,9.7,5.7,5.39,11.24,7.79,0.0,,
m09-W-A-25-oxford-dryland,09,W,A,25,10.1,31.06,51.01,22.84,10.4,7.13,9.78,18.36,10.63,0.06,0.19,3.82,9.07,31.92,52.88,23.26,10.71,7.33,5.82,11.24,7.5,0.0,,
m09-W-A-5-oxford-dryland,09,W,A,5,10.11,31.2,51.32,21.82,10.22,7.02,9.16,17.53,10.61,0.05,0.18,3.73,9.03,31.46,52.35,23.77,10.4,6.73,5.3,10.78,7.28,0.0,,
m09-W-A-50-oxford-dryland,09,W,A,50,10.13,31.21,51.64,23.23,10.23,7.01,9.08,18.37,10.7,0.06,0.18,3.8,9.01,31.74,52.65,21.95,9.92,6.94,5.73,10.74,7.38,0.0,,
m09-W-A-75-oxford-dryland,09,W,A,75,10.01,31.34,52.3,22.87,10.62,6.56,9.31,18.21,10.52,0.06,0.2,3.72,9.12,31.59,51.62,23.12,10.04,6.96,5.85,10.79,7.45,0.0,,
m09-W-A-95-oxford-dryland,09,W,A,95,10.11,31.36,51.65,23.44,10.65,6.85,9.38,18.27,10.72,0.05,0.21,3.74,9.14,31.81,52.12,23.18,10.32,6.32,6.34,10.89,7.24,0.0,,
m09-W-C-25-oxford-dryland,09,W,C,25,5.72,31.28,51.19,22.98,10.83,7.58,8.89,18.72,10.83,0.07,0.22,4.06,2.56,31.04,51.86,22.78,10.64,7.38,6.19,11.15,7.51,0.0,,
m09-W-C-5-oxford-dryland,09,W,C,5,5.51,31.17,51.58,23.14,10.4,7.11,9.12,18.47,10.72,0.05,0.23,3.93,2.49,31.19,52.44,23.7,10.71,7.33,5.87,10.9,7.46,0.01,,
m09-W-C-50-oxford-dryland,09,W,C,50,5.55,31.18,52.58,23.6,10.29,6.62,8.7,18.38,10.78,0.05,0.21,3.98,2.47,31.08,52.55,22.72,10.79,6.51,6.2,10.81,7.42,0.0,,
m09-W-C-75-oxford-dryland,09,W,C,75,5.65,31.26,52.42,22.82,10.68,7.04,9.08,18.51,10.91,0.05,0.22,3.88,2.51,30.96,52.85,23.06,10.63,7.78,6.31,11.15,7.56,0.01,,
m09-W-C-95-oxford-dryland,09,W,C,95,5.57,31.02,52.93,22.6,10.53,6.91,8.97,18.3,10.9,0.06,0.21,3.94,2.41,30.91,52.29,22.92,10.49,7.09,6.21,11.06,7.43,0.0,,
m09-W-H-25-oxford-dryland,09,W,H,25,11.17,31.75,52.08,21.53,10.06,6.64,8.87,17.63,10.42,0.05,0.2,3.67,10.86,32.26,52.3,23.02,10.09,6.82,5.76,10.73,7.36,0.0,,
m09-W-H-5-oxford-dryland,09,W,H,5,11.08,31.55,51.58,22.9,10.08,6.82,9.24,17.73,10.39,0.05,0.18,3.71,10.94,32.11,52.7,23.71,10.77,6.78,5.86,10.87,7.27,0.0,,
m09-W-H-50-oxford-dryland,09,W,H,50,11.16,31.9,51.86,24.21,10.39,6.59,9.63,18.17,10.65,0.05,0.19,3.64,10.97,32.22,52.45,23.29,10.58,6.56,5.33,10.61,7.17,0.0,,
m09-W-H-75-oxford-dryland,09,W,H,75,11.21,31.42,51.35,22.09,10.13,6.88,9.39,17.41,10.37,0.04,0.18,3.65,10.86,31.99,52.33,21.77,10.73,6.61,5.86,10.9,7.14,0.0,,
m09-W-H-95-oxford-dryland,09,W,H,95,11.09,31.77,51.93,22.68,10.04,6.79,9.45,17.86,10.61,0.05,0.19,3.76,10.87,32.34,52.84,23.3,9.91,6.79,5.4,10.79,7.33,0.0,,
m10-A-A-25-oxford-dryland,10,A,A,25,28.21,50.05,23.35,10.02,7.04,8.99,17.97,10.57,0.05,0.16,3.63,9.39,28.83,51.19,23.28,10.7,7.11,5.95,11.21,7.51,0.0,,,
m10-A-A-5-oxford-dryland,10,A,A,5,28.63,51.48,22.23,10.54,6.92,8.92,18.23,10.41,0.04,0.19,3.63,9.48,29.03,51.77,23.3,10.12,6.73,5.62,10.71,7.25,0.0,,,
m10-A-A-50-oxford-dryland,10,A,A,50,28.21,50.55,23.23,10.22,6.45,9.37,17.25,10.26,0.03,0.17,3.57,9.27,28.47,50.91,22.88,10.99,6.62,5.49,11.06,7.54,0.0,,,
m10-A-A-75-oxford-dryland,10,A,A,75,28.67,50.56,22.22,10.36,6.74,8.96,17.72,10.29,0.05,0.18,3.57,9.39,28.9,50.52,22.77,11.02,6.5,6.1,11.55,7.59,0.01,,,
m10-A-A-95-oxford-dryland,10,A,A,95,28.59,50.76,23.1,10.19,7.01,9.44,18.1,10.41,0.04,0.18,3.56,9.4,29.11,51.94,22.4,10.75,6.78,5.47,11.49,7.6,0.0,,,
m10-A-C-25-oxford-dryland,10,A,C,25,28.4,53.87,22.64,9.81,7.25,9.31,18.37,10.69,0.06,0.2,3.9,9.49,26.4,53.79,21.99,10.3,7.26,6.12,10.98,7.47,0.0,,,
m10-A-C-5-oxford-dryland,10,A,C,5,28.17,53.64,22.6,10.19,6.91,9.02,18.27,10.71,0.05,0.19,3.81,9.56,26.48,53.96,21.89,10.28,7.38,5.91,11.1,7.55,0.0,,,
m10-A-C-50-oxford-dryland,10,A,C,50,28.38,54.63,22.71,10.61,7.04,9.0,18.25,10.74,0.06,0.21,3.88,9.55,26.74,54.52,23.03,10.68,6.82,6.15,11.39,7.57,0.0,,,
m10-A-C-75-oxford-dryland,10,A,C,75,28.32,54.08,21.96,10.63,7.62,9.1,18.25,10.76,0.05,0.21,3.76,9.58,26.52,54.11,22.88,11.03,6.71,6.06,11.17,7.61,0.0,,,
m10-A-C-95-oxford-dryland,10,A,C,95,28.41,54.38,23.56,10.36,7.32,9.11,18.56,10.76,0.06,0.23,3.91,9.55,26.8,54.68,22.91,10.65,7.44,6.08,11.28,7.67,0.0,,,
m10-A-H-25-oxford-dryland,10,A,H,25,27.24,48.83,23.16,10.67,7.04,9.16,17.39,9.97,0.03,0.13,3.23,9.22,28.73,49.05,22.64,10.28,6.3,5.34,10.67,7.36,0.0,,,
m10-A-H-5-oxford-dryland,10,A,H,5,27.48,48.29,22.83,10.21,7.15,9.29,17.41,10.1,0.03,0.13,3.41,9.23,28.51,48.69,23.11,10.53,6.06,5.42,10.74,7.29,0.0,,,
m10-A-H-50-oxford-dryland,10,A,H,50,27.37,47.92,23.05,10.56,7.39,9.19,17.23,10.01,0.03,0.13,3.33,9.19,28.28,48.35,22.83,10.12,6.63,5.3,11.08,7.39,0.0,,,
m10-A-H-75-oxford-dryland,10,A,H,75,27.17,48.81,23.16,9.91,6.67,8.96,17.2,10.04,0.04,0.13,3.26,9.27,28.58,48.74,23.47,10.82,6.39,5.65,10.93,7.56,0.0,,,
m10-A-H-95-oxford-dryland,10,A,H,95,27.38,48.22,22.75,10.88,7.08,8.81,17.23,9.93,0.04,0.14,3.47,9.21,28.44,49.19,22.27,10.39,6.04,5.7,10.93,7.22,0.0,,,
m10-D-A-25-oxford-dryland,10,D,A,25,15.47,41.51,23.07,10.64,6.96,8.99,16.69,9.5,0.02,0.1,3.02,8.87,16.39,40.05,22.32,9.44,5.81,5.18,11.16,7.74,0.0,,,
m10-D-A-5-oxford-dryland,10,D,A,5,15.75,40.3,21.85,10.11,5.91,9.39,15.94,9.44,0.02,0.09,3.0,8.75,15.9,40.28,21.68,9.9,5.77,5.49,10.9,7.86,0.0,,,
m10-D-A-50-oxford-dryland,10,D,A,50,15.42,40.78,22.22,9.79,6.89,9.34,16.08,9.46,0.02,0.08,3.06,8.79,16.04,40.39,22.19,9.94,5.27,5.41,11.0,7.81,0.01,,,
m10-D-A-75-oxford-dryland,10,D,A,75,15.76,41.22,21.61,9.63,6.53,8.91,15.81,9.37,0.02,0.08,3.02,8.82,15.85,39.85,21.12,9.11,5.25,5.49,10.74,7.7,0.0,,,
m10-D-A-95-oxford-dryland,10,D,A,95,15.38,41.34,22.03,9.85,6.76,9.28,16.24,9.47,0.02,0.09,2.99,8.67,15.96,39.99,21.66,9.17,5.4,4.96,10.92,7.85,0.0,,,
m10-D-H-25-oxford-dryland,10,D,H,25,16.79,41.41,21.14,9.82,6.93,9.06,15.77,9.41,0.01,0.09,2.96,8.69,17.34,40.73,22.59,9.51,5.08,5.27,11.07,7.75,0.0,,,
m10-D-H-5-oxford-dryland,10,D,H,5,15.95,40.68,22.85,10.34,6.55,8.69,15.31,9.06,0.02,0.11,2.77,8.6,16.7,40.97,22.02,9.44,5.1,5.57,10.94,7.78,0.0,,,
m10-D-H-50-oxford-dryland,10,D,H,50,16.32,41.27,22.75,9.52,6.75,8.72,15.75,9.27,0.02,0.1,2.89,8.57,16.72,40.8,20.87,9.48,4.96,4.89,10.79,7.6,0.0,,,
m10-D-H-75-oxford-dryland,10,D,H,75,15.86,41.02,21.28,10.2,6.43,8.79,15.5,9.1,0.02,0.09,2.8,8.57,16.83,40.89,22.19,9.93,5.35,5.26,11.28,7.91,0.0,,,
m10-D-H-95-oxford-dryland,10,D,H,95,16.16,40.42,22.67,9.78,7.38,9.02,15.72,9.12,0.02,0.08,2.8,8.59,16.91,40.39,22.2,9.83,5.22,5.56,11.06,7.95,0.0,,,
m10-W-A-25-oxford-dryland,10,W,A,25,33.23,63.03,23.36,10.89,6.94,9.06,18.34,10.8,0.07,0.22,3.91,9.8,33.69,64.03,23.66,11.0,7.92,6.22,11.19,7.44,0.0,,,
m10-W-A-5-oxford-dryland,10,W,A,5,33.18,63.27,23.58,9.39,6.7,9.24,18.2,10.66,0.06,0.22,3.89,9.73,33.71,64.03,23.63,10.65,7.24,6.01,11.18,7.29,0.0,,,
m10-W-A-50-oxford-dryland,10,W,A,50,33.21,63.64,23.98,10.72,7.15,8.78,18.72,10.8,0.06,0.22,4.04,9.83,33.83,63.85,22.95,10.61,7.26,5.92,11.14,7.13,0.0,,,
m10-W-A-75-oxford-dryland,10,W,A,75,33.3,62.81,23.61,10.53,7.36,9.38,18.43,10.96,0.07,0.23,3.85,9.77,33.64,64.43,23.16,10.31,7.13,6.42,10.79,7.24,0.0,,,
m10-W-A-95-oxford-dryland,10,W,A,95,33.15,62.73,22.94,10.3,7.05,9.31,18.94,10.62,0.07,0.25,3.89,9.76,33.77,63.92,22.91,11.06,7.58,6.63,11.59,7.31,0.0,,,
m10-W-C-25-oxford-dryland,10,W,C,25,31.88,62.39,22.73,10.06,6.7,8.93,18.46,10.97,0.07,0.24,4.01,9.72,29.9,63.51,23.27,10.98,7.68,6.35,11.3,7.46,0.0,,,
m10-W-C-5-oxford-dryland,10,W,C,5,31.95,62.23,23.37,10.45,7.05,8.8,18.64,11.22,0.07,0.26,4.18,9.81,29.86,62.87,23.44,10.76,7.16,5.99,11.04,7.41,0.0,,,
m10-W-C-50-oxford-dryland,10,W,C,50,31.88,62.03,22.62,10.33,7.0,9.02,18.7,11.12,0.07,0.25,4.05,9.74,29.8,63.0,22.89,11.52,8.3,6.19,11.84,7.7,0.0,,,
m10-W-C-75-oxford-dryland,10,W,C,75,31.87,62.43,23.17,10.4,7.19,9.01,18.59,10.98,0.07,0.25,4.1,9.71,29.71,63.08,22.75,10.74,7.81,6.68,11.43,7.46,0.0,,,
m10-W-C-95-oxford-dryland,10,W,C,95,31.8,62.53,23.9,10.49,6.91,9.05,18.75,11.03,0.08,0.26,4.07,9.79,29.96,64.22,23.94,10.82,7.89,6.84,11.42,7.58,0.0,,,
m10-W-H-25-oxford-dryland,10,W,H,25,33.58,60.76,23.99,10.34,7.58,9.55,18.17,10.56,0.06,0.2,3.68,9.64,35.15,61.92,23.78,10.79,7.0,5.87,10.61,7.25,0.0,,,
m10-W-H-5-oxford-dryland,10,W,H,5,33.61,61.55,23.66,10.59,7.33,9.15,17.72,10.59,0.05,0.2,3.64,9.59,35.14,61.4,22.78,10.7,6.67,5.82,10.69,7.09,0.0,,,
m10-W-H-50-oxford-dryland,10,W,H,50,33.58,61.75,23.69,11.06,7.46,9.21,18.23,10.67,0.05,0.21,3.74,9.76,34.89,61.38,22.86,9.95,6.64,5.64,10.61,7.07,0.0,,,
m10-W-H-75-oxford-dryland,10,W,H,75,33.6,61.19,23.44,10.34,7.55,9.44,18.06,10.6,0.06,0.2,3.72,9.68,35.2,62.83,22.55,10.31,6.84,5.47,11.13,7.25,0.0,,,
m10-W-H-95-oxford-dryland,10,W,H,95,33.77,60.12,24.26,10.8,7.55,9.62,18.23,10.87,0.06,0.2,3.79,9.71,35.2,61.64,23.32,10.63,6.92,5.95,11.35,7.23,0.0,,,
m11-A-A-25-oxford-dryland,11,A,A,25,51.96,22.59,10.61,6.7,8.51,17.74,10.15,0.06,0.19,3.64,9.38,28.81,51.36,23.34,11.06,6.73,5.9,11.11,7.49,0.0,,,,
m11-A-A-5-oxford-dryland,11,A,A,5,50.69,22.95,10.24,6.45,9.42,17.62,10.41,0.06,0.17,3.71,9.46,29.08,51.85,22.62,11.06,6.67,5.82,11.07,7.58,0.0,,,,
m11-A-A-50-oxford-dryland,11,A,A,50,50.99,23.18,10.36,6.81,9.0,18.16,10.55,0.04,0.17,3.62,9.35,28.91,51.98,23.93,10.26,6.66,5.73,11.02,7.54,0.0,,,,
m11-A-A-75-oxford-dryland,11,A,A,75,50.24,22.67,10.32,7.18,9.18,17.78,10.51,0.05,0.18,3.58,9.38,28.93,51.68,22.01,9.87,6.21,5.5,10.51,7.16,0.0,,,,
m11-A-A-95-oxford-dryland,11,A,A,95,50.15,23.67,10.28,6.43,9.21,17.42,10.38,0.05,0.18,3.63,9.33,28.73,51.59,22.36,10.0,6.64,5.75,11.29,7.38,0.0,,,,
m11-A-C-25-oxford-dryland,11,A,C,25,44.46,21.06,10.49,6.65,8.65,17.93,10.52,0.04,0.15,3.63,9.33,28.71,44.76,21.45,9.64,6.62,5.65,11.03,7.62,0.0,,,,
m11-A-C-5-oxford-dryland,11,A,C,5,43.96,21.6,10.29,6.35,9.06,17.45,10.29,0.04,0.19,3.62,9.26,28.85,43.44,20.68,9.61,6.58,5.93,11.46,7.61,0.0,,,,
m11-A-C-50-oxford-dryland,11,A,C,50,43.51,21.07,9.82,6.95,9.28,17.59,10.33,0.04,0.16,3.68,9.28,28.68,45.3,20.32,10.11,6.52,5.81,11.37,7.37,0.0,,,,
m11-A-C-75-oxford-dryland,11,A,C,75,44.35,20.25,9.8,6.74,9.15,17.43,10.35,0.05,0.16,3.67,9.34,28.88,44.53,20.68,10.09,6.48,5.76,11.42,7.7,0.0,,,,
m11-A-C-95-oxford-dryland,11,A,C,95,44.0,19.8,9.3,6.94,8.8,17.39,10.33,0.03,0.15,3.44,9.2,28.5,44.26,20.96,10.05,6.63,6.21,11.3,7.53,0.0,,,,
m11-A-H-25-oxford-dryland,11,A,H,25,51.38,21.13,10.35,6.88,8.84,17.19,10.16,0.04,0.15,3.43,9.17,28.87,50.93,21.84,10.61,6.13,5.67,10.86,7.39,0.0,,,,
m11-A-H-5-oxford-dryland,11,A,H,5,50.39,21.3,9.88,7.09,8.91,17.14,10.06,0.04,0.18,3.41,9.21,28.57,51.07,22.21,10.2,6.04,5.14,10.41,7.19,0.0,,,,
m11-A-H-50-oxford-dryland,11,A,H,50,51.38,21.98,10.26,6.66,8.48,17.53,10.07,0.03,0.13,3.44,9.3,29.07,51.61,22.96,10.69,6.33,5.57,11.08,7.38,0.0,,,,
m11-A-H-75-oxford-dryland,11,A,H,75,51.75,21.81,10.42,6.67,8.85,17.6,10.31,0.04,0.15,3.51,9.33,28.93,50.5,22.24,9.89,6.0,5.63,10.6,7.27,0.0,,,,
m11-A-H-95-oxford-dryland,11,A,H,95,51.36,22.49,10.31,7.14,9.28,17.57,10.0,0.04,0.16,3.61,9.36,28.93,50.67,20.6,10.19,6.21,5.31,10.62,7.34,0.0,,,,
m11-D-A-25-oxford-dryland,11,D,A,25,22.96,12.45,7.78,5.61,8.25,15.12,9.01,0.01,0.11,2.96,8.59,28.59,23.94,12.49,8.35,4.76,4.76,10.24,7.24,0.0,,,,
m11-D-A-5-oxford-dryland,11,D,A,5,23.49,12.62,8.19,5.84,8.22,15.76,9.15,0.01,0.09,3.07,8.64,28.45,23.7,11.82,7.2,4.26,4.31,9.74,6.94,0.0,,,,
m11-D-A-50-oxford-dryland,11,D,A,50,23.51,11.89,7.95,5.73,8.13,14.82,8.92,0.01,0.12,3.03,8.46,28.15,23.24,11.47,8.0,4.78,5.22,9.87,7.27,0.0,,,,
m11-D-A-75-oxford-dryland,11,D,A,75,22.31,12.51,7.7,5.65,7.66,14.8,8.74,0.02,0.14,2.99,8.49,28.01,23.54,11.71,7.66,4.74,5.08,10.09,7.23,0.01,,,,
m11-D-A-95-oxford-dryland,11,D,A,95,23.24,11.66,7.78,5.86,8.05,14.8,8.9,0.02,0.1,3.02,8.59,27.91,22.98,11.82,7.95,4.88,4.66,10.45,7.3,0.0,,,,
m11-D-C-25-oxford-dryland,11,D,C,25,22.53,13.21,8.34,6.32,8.6,15.73,9.35,0.02,0.11,3.07,8.68,28.77,21.96,13.36,8.53,4.55,5.24,10.35,7.28,0.0,,,,
m11-D-C-5-oxford-dryland,11,D,C,5,22.48,14.26,8.37,5.78,9.35,15.89,9.32,0.02,0.11,3.18,8.71,28.25,23.03,12.77,8.23,4.78,4.98,10.2,7.26,0.0,,,,
m11-D-C-50-oxford-dryland,11,D,C,50,23.48,13.65,8.58,6.2,8.52,15.86,9.08,0.02,0.11,3.1,8.7,28.32,22.17,12.73,7.89,4.98,4.85,10.32,7.19,0.0,,,,
m11-D-C-75-oxford-dryland,11,D,C,75,21.89,13.44,8.7,5.62,8.18,15.13,9.02,0.02,0.11,3.05,8.64,28.09,22.65,13.1,7.72,5.04,4.98,10.32,7.17,0.0,,,,
m11-D-C-95-oxford-dryland,11,D,C,95,22.95,13.5,8.21,6.07,8.18,15.52,9.23,0.02,0.09,3.1,8.69,28.06,22.82,12.83,8.88,4.85,5.16,10.34,7.35,0.0,,,,
m11-D-H-25-oxford-dryland,11,D,H,25,24.44,12.89,7.95,6.0,8.41,15.16,9.02,0.02,0.08,3.04,8.71,28.26,24.05,12.67,7.83,4.44,5.07,9.91,7.14,0.0,,,,
m11-D-H-5-oxford-dryland,11,D,H,5,25.23,13.62,8.47,5.55,7.89,15.0,9.06,0.02,0.11,3.0,8.63,28.21,25.02,12.86,8.17,4.56,4.74,10.09,7.12,0.0,,,,
m11-D-H-50-oxford-dryland,11,D,H,50,23.91,12.77,8.38,5.96,8.32,15.17,9.13,0.02,0.1,3.0,8.61,28.2,25.86,13.29,8.91,4.92,5.28,10.19,7.35,0.0,,,,
m11-D-H-75-oxford-dryland,11,D,H,75,24.57,13.38,8.7,6.21,8.07,15.29,8.95,0.02,0.09,2.95,8.53,28.37,24.62,13.23,8.23,4.5,4.83,10.13,7.31,0.0,,,,
m11-D-H-95-oxford-dryland,11,D,H,95,24.3,12.49,7.85,5.61,8.02,15.08,8.94,0.02,0.1,3.08,8.66,28.24,24.93,13.07,8.03,4.63,4.83,9.98,7.05,0.0,,,,
m11-W-A-25-oxford-dryland,11,W,A,25,77.45,37.5,11.8,7.58,9.82,19.57,11.55,0.09,0.34,4.31,10.27,29.14,77.61,37.8,11.95,8.82,6.72,12.04,7.39,0.01,,,,
m11-W-A-5-oxford-dryland,11,W,A,5,77.16,36.92,12.15,7.8,9.43,19.7,11.64,0.09,0.28,4.43,10.22,29.31,77.25,37.44,12.14,8.28,6.94,11.86,7.58,0.01,,,,
m11-W-A-50-oxford-dryland,11,W,A,50,77.28,37.01,11.85,7.6,8.85,19.69,11.28,0.09,0.28,4.39,10.08,29.13,76.94,37.82,12.07,7.9,6.83,11.75,7.46,0.0,,,,
m11-W-A-75-oxford-dryland,11,W,A,75,77.18,37.82,11.75,7.77,9.39,19.77,11.62,0.09,0.3,4.36,10.14,29.28,77.44,37.68,12.61,8.4,6.39,12.34,7.56,0.0,,,,
m11-W-A-95-oxford-dryland,11,W,A,95,76.95,36.4,11.45,8.13,9.05,19.37,11.15,0.07,0.28,4.2,10.07,29.08,77.0,37.74,12.03,8.66,6.74,12.07,7.77,0.0,,,,
m11-W-C-25-oxford-dryland,11,W,C,25,76.72,39.71,12.0,7.69,9.78,20.1,11.83,0.11,0.35,4.6,10.33,29.42,77.5,40.91,11.99,8.84,7.72,12.41,7.9,0.0,,,,
m11-W-C-5-oxford-dryland,11,W,C,5,77.34,39.64,11.07,7.53,9.86,20.21,12.01,0.11,0.33,4.57,10.44,29.5,77.23,41.05,12.46,8.84,7.6,12.73,8.04,0.01,,,,
m11-W-C-50-oxford-dryland,11,W,C,50,76.84,39.34,12.15,7.64,9.5,19.54,11.77,0.11,0.33,4.48,10.27,29.2,77.22,40.35,11.81,7.92,7.67,12.15,7.74,0.0,,,,
m11-W-C-75-oxford-dryland,11,W,C,75,77.38,40.92,12.11,7.2,9.51,19.97,11.88,0.1,0.35,4.49,10.39,29.54,77.43,40.56,11.46,8.83,6.93,11.9,7.55,0.0,,,,
m11-W-C-95-oxford-dryland,11,W,C,95,76.95,40.24,11.92,7.47,9.28,19.68,11.65,0.12,0.33,4.52,10.3,29.34,77.69,41.4,12.26,8.52,7.15,12.33,7.77,0.0,,,,
m11-W-H-25-oxford-dryland,11,W,H,25,75.94,29.32,10.83,7.1,8.96,18.51,10.96,0.09,0.19,3.87,9.79,28.95,76.21,29.61,11.26,7.22,6.36,10.91,7.1,0.0,,,,
m11-W-H-5-oxford-dryland,11,W,H,5,76.33,29.19,11.15,7.52,9.68,18.89,11.13,0.06,0.24,4.0,9.83,29.09,76.66,30.7,11.75,7.73,5.93,10.97,7.23,0.0,,,,
m11-W-H-50-oxford-dryland,11,W,H,50,76.21,29.15,11.37,7.83,9.17,18.7,11.08,0.07,0.25,4.1,9.96,28.82,76.37,29.88,11.4,7.77,6.6,11.32,7.47,0.0,,,,
m11-W-H-75-oxford-dryland,11,W,H,75,76.41,28.67,11.17,7.48,8.94,18.46,10.93,0.06,0.25,4.0,9.8,29.23,76.34,29.88,11.92,7.21,6.01,10.87,7.25,0.0,,,,
m11-W-H-95-oxford-dryland,11,W,H,95,76.55,29.29,11.44,7.2,9.39,19.07,11.15,0.07,0.25,4.1,9.9,29.18,76.12,29.94,11.51,7.87,5.93,11.37,7.2,0.01,,,,
m12-A-A-25-oxford-dryland,12,A,A,25,22.48,10.41,6.84,9.37,18.17,10.3,0.05,0.15,3.68,9.46,28.98,51.61,22.83,10.3,6.56,6.14,11.67,7.71,0.0,,,,,
m12-A-A-5-oxford-dryland,12,A,A,5,23.31,10.35,6.58,9.53,17.6,10.2,0.05,0.15,3.46,9.27,28.82,52.21,22.46,10.32,7.06,6.0,11.13,7.42,0.0,,,,,
m12-A-A-50-oxford-dryland,12,A,A,50,22.6,10.06,6.73,8.82,17.6,10.43,0.04,0.17,3.66,9.4,28.47,50.83,22.65,9.96,6.8,6.16,11.31,7.55,0.01,,,,,
m12-A-A-75-oxford-dryland,12,A,A,75,22.93,10.02,6.47,9.29,17.8,10.32,0.04,0.16,3.65,9.43,28.94,51.76,23.92,10.73,6.7,6.05,11.24,7.48,0.0,,,,,
m12-A-A-95-oxford-dryland,12,A,A,95,21.71,10.34,6.71,9.33,17.63,10.51,0.05,0.18,3.6,9.37,28.9,51.35,21.99,10.94,6.3,5.91,11.15,7.59,0.0,,,,,
m12-A-C-25-oxford-dryland,12,A,C,25,20.95,10.31,6.7,9.0,17.96,10.6,0.04,0.17,3.6,9.41,28.85,51.52,21.91,11.29,6.42,5.84,11.28,7.65,0.0,,,,,
m12-A-C-5-oxford-dryland,12,A,C,5,21.06,10.99,6.78,8.78,17.65,10.46,0.04,0.18,3.6,9.35,28.75,51.51,20.32,10.11,6.84,6.07,11.43,7.63,0.0,,,,,
m12-A-C-50-oxford-dryland,12,A,C,50,21.22,10.83,7.37,8.68,18.27,10.72,0.04,0.19,3.69,9.44,28.68,50.29,21.58,10.59,6.88,5.74,11.13,7.65,0.0,,,,,
m12-A-C-75-oxford-dryland,12,A,C,75,21.25,10.86,6.88,9.29,17.9,10.41,0.06,0.19,3.63,9.47,28.98,51.53,21.1,10.52,6.49,6.78,11.5,7.68,0.0,,,,,
m12-A-C-95-oxford-dryland,12,A,C,95,20.77,10.39,6.91,9.43,17.94,10.55,0.06,0.17,3.71,9.48,28.83,50.97,21.21,10.67,6.67,6.23,11.75,7.68,0.0,,,,,
m12-A-H-25-oxford-dryland,12,A,H,25,27.02,11.55,7.0,9.31,18.08,10.51,0.05,0.16,3.5,9.48,28.77,51.21,25.56,12.09,6.76,5.64,10.95,7.39,0.0,,,,,
m12-A-H-5-oxford-dryland,12,A,H,5,27.16,11.44,7.03,9.24,18.34,10.46,0.06,0.19,3.79,9.48,29.01,51.12,25.96,12.43,7.3,5.89,11.5,7.46,0.0,,,,,
m12-A-H-50-oxford-dryland,12,A,H,50,25.71,11.92,7.18,9.3,18.01,10.5,0.05,0.18,3.61,9.52,28.66,50.43,25.7,12.41,7.03,5.74,10.95,7.37,0.0,,,,,
m12-A-H-75-oxford-dryland,12,A,H,75,27.03,11.19,6.96,9.32,18.38,10.6,0.05,0.16,3.55,9.41,28.86,51.22,25.94,11.97,6.73,5.45,10.78,7.35,0.0,,,,,
m12-A-H-95-oxford-dryland,12,A,H,95,25.94,11.49,6.95,9.56,18.17,10.48,0.06,0.18,3.64,9.47,28.64,50.62,25.18,11.13,6.65,5.64,10.83,7.39,0.0,,,,,
m12-D-A-25-oxford-dryland,12,D,A,25,4.62,4.27,3.93,6.25,12.74,8.07,0.03,0.1,3.25,8.41,27.86,50.42,4.03,3.95,3.48,4.35,8.67,5.85,0.0,,,,,
m12-D-A-5-oxford-dryland,12,D,A,5,4.02,3.91,3.78,5.73,12.55,7.94,0.02,0.12,3.12,8.39,28.17,51.65,4.15,4.07,3.38,4.53,8.85,5.96,0.0,,,,,
m12-D-A-50-oxford-dryland,12,D,A,50,3.53,3.85,3.81,5.84,12.62,7.78,0.03,0.13,3.02,8.33,28.12,50.8,4.19,4.09,4.0,4.63,8.69,6.01,0.0,,,,,
m12-D-A-75-oxford-dryland,12,D,A,75,4.24,4.6,4.12,6.16,13.25,8.04,0.03,0.12,3.17,8.46,27.99,50.88,4.04,4.13,3.39,4.45,8.35,6.07,0.0,,,,,
m12-D-A-95-oxford-dryland,12,D,A,95,4.26,4.13,3.96,5.98,12.65,7.77,0.02,0.13,3.29,8.4,27.99,50.69,4.14,3.84,3.44,4.63,8.71,6.05,0.0,,,,,
m12-D-H-25-oxford-dryland,12,D,H,25,3.29,3.36,3.67,5.71,11.95,7.62,0.02,0.12,2.96,8.27,27.7,50.72,2.88,3.14,2.81,4.57,8.14,5.62,0.0,,,,,
m12-D-H-5-oxford-dryland,12,D,H,5,3.25,3.2,3.63,6.06,12.07,7.99,0.03,0.14,3.21,8.29,27.37,49.93,2.89,3.28,3.01,3.75,8.41,5.69,0.0,,,,,
m12-D-H-50-oxford-dryland,12,D,H,50,3.01,3.04,3.47,5.38,11.6,7.22,0.02,0.14,3.08,8.11,27.63,51.94,2.98,2.87,3.55,4.08,8.1,5.66,0.0,,,,,
m12-D-H-75-oxford-dryland,12,D,H,75,2.98,3.18,3.37,5.31,11.41,7.45,0.02,0.11,3.04,8.19,28.16,50.42,2.89,3.29,3.0,4.0,8.3,5.69,0.0,,,,,
m12-D-H-95-oxford-dryland,12,D,H,95,3.32,2.94,3.65,5.71,11.8,7.7,0.02,0.13,3.16,8.22,27.96,51.33,3.03,3.23,3.49,4.11,8.4,5.79,0.0,,,,,
m12-W-A-25-oxford-dryland,12,W,A,25,61.68,21.89,8.44,9.84,20.4,12.15,0.12,0.33,4.46,10.4,29.47,51.09,61.89,22.83,9.74,7.53,13.38,8.43,0.0,,,,,
m12-W-A-5-oxford-dryland,12,W,A,5,60.62,21.36,8.05,10.08,20.59,12.2,0.12,0.34,4.5,10.52,29.48,51.16,61.35,22.96,9.25,7.97,13.11,8.19,0.01,,,,,
m12-W-A-50-oxford-dryland,12,W,A,50,61.17,21.47,8.55,9.77,21.1,12.1,0.13,0.38,4.56,10.56,29.53,51.3,61.25,23.38,10.31,8.03,13.51,8.51,0.01,,,,,
m12-W-A-75-oxford-dryland,12,W,A,75,61.53,21.81,8.57,10.12,20.96,12.22,0.14,0.41,4.53,10.46,29.34,51.08,62.55,22.62,9.24,8.31,13.37,8.41,0.01,,,,,
m12-W-A-95-oxford-dryland,12,W,A,95,61.35,21.66,8.12,9.98,20.69,12.36,0.11,0.39,4.57,10.51,29.69,52.45,62.03,23.81,9.46,7.71,13.03,8.33,0.01,,,,,
m12-W-C-25-oxford-dryland,12,W,C,25,62.81,24.67,8.88,10.28,21.43,12.76,0.16,0.38,4.81,10.83,29.64,49.8,64.19,25.92,9.95,9.17,14.4,8.84,0.01,,,,,
m12-W-C-5-oxford-dryland,12,W,C,5,62.77,24.57,9.15,10.0,21.14,12.59,0.14,0.41,4.72,10.88,29.59,51.51,63.06,25.93,10.0,9.19,14.25,8.66,0.01,,,,,
m12-W-C-50-oxford-dryland,12,W,C,50,62.42,24.63,8.48,9.69,21.41,12.49,0.16,0.4,4.85,10.7,29.26,50.59,63.41,26.38,9.4,8.84,14.5,8.78,0.01,,,,,
m12-W-C-75-oxford-dryland,12,W,C,75,62.87,24.04,9.16,9.86,21.19,12.62,0.13,0.41,4.86,10.76,29.42,51.39,64.28,25.83,9.94,9.07,14.62,8.91,0.01,,,,,
m12-W-C-95-oxford-dryland,12,W,C,95,62.68,24.85,8.49,10.06,21.08,12.51,0.13,0.48,4.87,10.79,29.64,51.35,63.81,25.4,9.22,9.26,14.29,8.76,0.02,,,,,
m12-W-H-25-oxford-dryland,12,W,H,25,64.53,19.63,8.79,10.17,20.56,11.96,0.11,0.32,4.43,10.38,29.11,51.11,64.08,21.18,8.85,6.92,12.02,7.75,0.0,,,,,
m12-W-H-5-oxford-dryland,12,W,H,5,64.06,18.85,8.26,9.8,19.97,11.91,0.11,0.29,4.36,10.3,29.02,51.04,64.08,21.22,9.03,6.75,12.45,7.93,0.01,,,,,
m12-W-H-50-oxford-dryland,12,W,H,50,64.27,19.53,8.31,10.14,20.03,11.9,0.11,0.31,4.43,10.33,29.33,50.87,63.47,20.5,9.39,7.2,12.42,7.96,0.01,,,,,
m12-W-H-75-oxford-dryland,12,W,H,75,63.9,19.85,8.46,10.18,20.45,12.08,0.1,0.35,4.38,10.46,29.2,50.4,63.55,21.47,8.91,6.83,12.72,7.95,0.01,,,,,
m12-W-H-95-oxford-dryland,12,W,H,95,64.63,19.22,8.22,10.67,20.74,12.27,0.1,0.33,4.48,10.43,29.5,50.3,64.76,21.44,9.11,7.34,12.84,8.1,0.0,,,,,
